Accession	Geographic Location	Geographic Region	Virus Infraspecific Names Strain	Virus Name	Virus Taxonomic ID	Completeness	Length	Isolate Collection date	Release date	Host Name	Host Taxonomic ID
Y15448.1				Porcine encephalomyocarditis virus	69598	PARTIAL	810		1997-11-23T00:00:00Z		
Y15445.1				Porcine encephalomyocarditis virus	69598	PARTIAL	791		1997-11-23T00:00:00Z		
Y14458.1		Europe		Encephalomyocarditis virus	12104	PARTIAL	275		1997-08-08T00:00:00Z	Sus scrofa	9823
Y14457.1		Europe		Encephalomyocarditis virus	12104	PARTIAL	495		1997-08-08T00:00:00Z		
Y14456.1		Europe		Encephalomyocarditis virus	12104	PARTIAL	480		1997-08-08T00:00:00Z	Sus scrofa	9823
X87335.1				Encephalomyocarditis virus	12104	COMPLETE	7820		1995-05-31T00:00:00Z	Mus musculus	10090
X74312.1				Encephalomyocarditis virus	12104	PARTIAL	7861		1993-08-05T00:00:00Z		
X67502.1				Encephalomyocarditis virus	12104	PARTIAL	750		1992-09-04T00:00:00Z		
X00463.1				Encephalomyocarditis virus	12104	PARTIAL	7200		1983-12-06T00:00:00Z		
V01129.1				Encephalomyocarditis virus	12104	PARTIAL	171		1982-06-09T00:00:00Z		
PP841942.1				Encephalomyocarditis virus	12104	COMPLETE	7495		2024-06-05T00:00:00Z		
PA552844.1				Encephalomyocarditis virus	12104	PARTIAL	593		2022-10-28T00:00:00Z		
OR924201.1	South Africa	Africa		Encephalomyocarditis virus	12104	PARTIAL	7398	1994-02	2024-04-06T00:00:00Z	Loxodonta africana	9785
OR924200.1	South Africa	Africa		Encephalomyocarditis virus	12104	PARTIAL	7398	1994-02	2024-04-06T00:00:00Z	Loxodonta africana	9785
OP381184.1	United Kingdom: England	Europe		Encephalomyocarditis virus	12104	PARTIAL	7608	2016-03	2023-09-01T00:00:00Z	Muscardinus avellanarius	39082
OL963560.1	Italy: Semproniano, Grosseto, Tuscany	Europe		Encephalomyocarditis virus	12104	PARTIAL	831	2012-12-03	2022-10-17T00:00:00Z	Hystrix cristata	10137
OL963559.1	Italy: Semproniano, Grosseto, Tuscany	Europe		Encephalomyocarditis virus	12104	PARTIAL	831	2012-10-22	2022-10-17T00:00:00Z	Macaca sylvanus	9546
OL840544.1	Italy: Calvisano, Brescia, Lombardy	Europe		Encephalomyocarditis virus	12104	PARTIAL	831	2012-09-04	2022-11-21T00:00:00Z	Sus scrofa	9823
OL840543.1	Italy: Bascape', Pavia, Lombardy	Europe		Encephalomyocarditis virus	12104	PARTIAL	831	2012-12-05	2022-11-21T00:00:00Z	Sus scrofa	9823
OL840542.1	Italy: Rodigo, Mantova, Lombardy	Europe		Encephalomyocarditis virus	12104	PARTIAL	831	2012-01-09	2022-11-21T00:00:00Z	Sus scrofa	9823
OL840541.1	Italy: Verolavecchia, Brescia, Lombardy	Europe		Encephalomyocarditis virus	12104	PARTIAL	831	2013-03-11	2022-11-21T00:00:00Z	Sus scrofa	9823
OL840540.1	Italy: Isola della Scala, Verona, Veneto	Europe		Encephalomyocarditis virus	12104	PARTIAL	831	2013-05-22	2022-11-21T00:00:00Z	Sus scrofa	9823
OL840539.1	Italy: Cumignano sul Naviglio, Cremona, Lombardy	Europe		Encephalomyocarditis virus	12104	PARTIAL	831	2013-09-23	2022-11-21T00:00:00Z	Sus scrofa	9823
OL840538.1	Italy: Bussolengo, Verona, Veneto	Europe		Encephalomyocarditis virus	12104	PARTIAL	831	2013-09-25	2022-11-21T00:00:00Z	Lemuridae	9445
OL840537.1	Italy: Bagnolo Mella, Brescia, Lombardy	Europe		Encephalomyocarditis virus	12104	PARTIAL	831	2013-10-14	2022-11-21T00:00:00Z	Sus scrofa	9823
OL840536.1	Italy: Castrezzato, Brescia, Lombardy	Europe		Encephalomyocarditis virus	12104	PARTIAL	831	2013-10-15	2022-11-21T00:00:00Z	Sus scrofa	9823
OL840535.1	Italy: Calvisano, Brescia, Lombardy	Europe		Encephalomyocarditis virus	12104	PARTIAL	831	2013-10-16	2022-11-21T00:00:00Z	Sus scrofa	9823
OL840534.1	Italy: Verolavecchia, Brescia, Lombardy	Europe		Encephalomyocarditis virus	12104	PARTIAL	831	2013-11-06	2022-11-21T00:00:00Z	Sus scrofa	9823
OL840533.1	Italy: Bussolengo, Verona, Veneto	Europe		Encephalomyocarditis virus	12104	PARTIAL	831	2013-11-07	2022-11-21T00:00:00Z	Lemuridae	9445
OL840532.1	Italy: Pavone del Mella, Brescia, Lombardy	Europe		Encephalomyocarditis virus	12104	PARTIAL	831	2013-11-21	2022-11-21T00:00:00Z	Sus scrofa	9823
OL840531.1	Italy: Pavone del Mella, Brescia, Lombardy	Europe		Encephalomyocarditis virus	12104	PARTIAL	831	2013-11-27	2022-11-21T00:00:00Z	Sus scrofa	9823
OL840530.1	Italy: Pavone del Mella, Brescia, Lombardy	Europe		Encephalomyocarditis virus	12104	PARTIAL	831	2013-12-06	2022-11-21T00:00:00Z	Sus scrofa	9823
OL840529.1	Italy: Villanova sull'Arda, Piacenza, Emilia-Romagna	Europe		Encephalomyocarditis virus	12104	PARTIAL	831	2013-12-12	2022-11-21T00:00:00Z	Sus scrofa	9823
OL840528.1	Italy: Pegognaga, Mantova, Lombardy	Europe		Encephalomyocarditis virus	12104	PARTIAL	831	2013-12-13	2022-11-21T00:00:00Z	Sus scrofa	9823
OL840527.1	Italy: Bussolengo, Verona, Veneto	Europe		Encephalomyocarditis virus	12104	PARTIAL	831	2013-12-19	2022-11-21T00:00:00Z	Lemuridae	9445
OL840526.1	Italy: Isola della Scala, Verona, Veneto	Europe		Encephalomyocarditis virus	12104	PARTIAL	831	2014-03-31	2022-11-21T00:00:00Z	Sus scrofa	9823
OL840525.1	Italy: Roverbella, Mantova, Lombardy	Europe		Encephalomyocarditis virus	12104	PARTIAL	831	2014-04-28	2022-11-21T00:00:00Z	Sus scrofa	9823
OL840524.1	Italy: Calvisano, Brescia, Lombardy	Europe		Encephalomyocarditis virus	12104	PARTIAL	831	2014-07-29	2022-11-21T00:00:00Z	Sus scrofa	9823
OL840523.1	Italy: San Vito al Tagliamento, Pordenone, Friuli-Venezia Giulia	Europe		Encephalomyocarditis virus	12104	PARTIAL	831	2014-09-15	2022-11-21T00:00:00Z	Sus scrofa	9823
OL840522.1	Italy: Bottanuco, Bergamo, Lombardy	Europe		Encephalomyocarditis virus	12104	PARTIAL	831	2014-09-16	2022-11-21T00:00:00Z	Sus scrofa	9823
OL840521.1	Italy: Cumignano sul Naviglio, Cremona, Lombardy	Europe		Encephalomyocarditis virus	12104	PARTIAL	831	2014-11-24	2022-11-21T00:00:00Z	Sus scrofa	9823
OL840520.1	Italy: Corte De' Cortesi, Cremona, Lombardy	Europe		Encephalomyocarditis virus	12104	PARTIAL	831	2014-11-25	2022-11-21T00:00:00Z	Sus scrofa	9823
OL840519.1	Italy: Pavia, Pavia, Lombardy	Europe		Encephalomyocarditis virus	12104	PARTIAL	831	2014-12-11	2022-11-21T00:00:00Z	Sus scrofa	9823
OL840518.1	Italy: Acquanegra sul Chiese, Mantova, Lombardy	Europe		Encephalomyocarditis virus	12104	PARTIAL	831	2014-12-18	2022-11-21T00:00:00Z	Sus scrofa	9823
OL840517.1	Italy: Leno, Brescia, Lombardy	Europe		Encephalomyocarditis virus	12104	PARTIAL	831	2014-12-22	2022-11-21T00:00:00Z	Sus scrofa	9823
OL840516.1	Italy: Soncino, Cremona, Lombardy	Europe		Encephalomyocarditis virus	12104	PARTIAL	831	2015-01-03	2022-11-21T00:00:00Z	Sus scrofa	9823
OL840515.1	Italy: Busseto, Parma, Emilia-Romagna	Europe		Encephalomyocarditis virus	12104	PARTIAL	831	2015-01-05	2022-11-21T00:00:00Z	Sus scrofa	9823
OL840514.1	Italy: Orzivecchi, Brescia, Lombardy	Europe		Encephalomyocarditis virus	12104	PARTIAL	831	2015-01-12	2022-11-21T00:00:00Z	Sus scrofa	9823
OL840513.1	Italy: Leno, Brescia, Lombardy	Europe		Encephalomyocarditis virus	12104	PARTIAL	831	2015-01-16	2022-11-21T00:00:00Z	Sus scrofa	9823
OL840512.1	Italy: Prignano sulla Secchia, Modena, Emilia-Romagna	Europe		Encephalomyocarditis virus	12104	PARTIAL	831	2015-01-20	2022-11-21T00:00:00Z	Sus scrofa	9823
OL840511.1	Italy: Fiorenzuola d'Arda, Piacenza, Emilia-Romagna	Europe		Encephalomyocarditis virus	12104	PARTIAL	831	2015-02-18	2022-11-21T00:00:00Z	Sus scrofa	9823
OL840510.1	Italy: Orzivecchi, Brescia, Lombardy	Europe		Encephalomyocarditis virus	12104	PARTIAL	831	2015-02-21	2022-11-21T00:00:00Z	Sus scrofa	9823
OL840509.1	Italy: Verolavecchia, Brescia, Lombardy	Europe		Encephalomyocarditis virus	12104	PARTIAL	831	2015-03-12	2022-11-21T00:00:00Z	Sus scrofa	9823
OL840508.1	Italy: Bussolengo, Verona, Veneto	Europe		Encephalomyocarditis virus	12104	PARTIAL	831	2015-03-13	2022-11-21T00:00:00Z	Lemuridae	9445
OL840507.1	Italy: Montefalco, Perugia, Umbria	Europe		Encephalomyocarditis virus	12104	PARTIAL	831	2015-08-03	2022-11-21T00:00:00Z	Sus scrofa	9823
OL840506.1	Italy: Roncadelle, Brescia, Lombardy	Europe		Encephalomyocarditis virus	12104	PARTIAL	831	2015-08-13	2022-11-21T00:00:00Z	Sus scrofa	9823
OL840505.1	Italy: Bettona, Perugia, Umbria	Europe		Encephalomyocarditis virus	12104	PARTIAL	831	2015-08-18	2022-11-21T00:00:00Z	Sus scrofa	9823
OL840504.1	Italy: Fiorenzuola d'Arda, Piacenza, Emilia-Romagna	Europe		Encephalomyocarditis virus	12104	PARTIAL	831	2015-09-24	2022-11-21T00:00:00Z	Sus scrofa	9823
OL840503.1	Italy: Roccafranca, Brescia, Lombardy	Europe		Encephalomyocarditis virus	12104	PARTIAL	831	2015-10-13	2022-11-21T00:00:00Z	Sus scrofa	9823
OL840502.1	Italy: Mede, Pavia, Lombardy	Europe		Encephalomyocarditis virus	12104	PARTIAL	831	2016-01-05	2022-11-21T00:00:00Z	Sus scrofa	9823
OL840501.1	Italy: Gottolengo, Brescia, Lombardy	Europe		Encephalomyocarditis virus	12104	PARTIAL	831	2016-01-08	2022-11-21T00:00:00Z	Sus scrofa	9823
OL840500.1	Italy: Treviglio, Bergamo, Lombardy	Europe		Encephalomyocarditis virus	12104	PARTIAL	831	2016-01-13	2022-11-21T00:00:00Z	Sus scrofa	9823
OL840499.1	Italy: Grumello Cremonese, Cremona, Lombardy	Europe		Encephalomyocarditis virus	12104	PARTIAL	831	2016-01-19	2022-11-21T00:00:00Z	Sus scrofa	9823
OL840498.1	Italy: Cuneo, Cuneo, Piedmont	Europe		Encephalomyocarditis virus	12104	PARTIAL	831	2016-02-06	2022-11-21T00:00:00Z	Sus scrofa	9823
OL840497.1	Italy: Calvisano, Brescia, Lombardy	Europe		Encephalomyocarditis virus	12104	PARTIAL	831	2016-03-17	2022-11-21T00:00:00Z	Sus scrofa	9823
OL840496.1	Italy: Soliera, Modena, Emilia-Romagna	Europe		Encephalomyocarditis virus	12104	PARTIAL	831	2016-04-04	2022-11-21T00:00:00Z	Sus scrofa	9823
OL840495.1	Italy: Pieve San Giacomo, Cremona, Lombardy	Europe		Encephalomyocarditis virus	12104	PARTIAL	831	2016-08-31	2022-11-21T00:00:00Z	Sus scrofa	9823
OL840494.1	Italy: Formigine, Modena, Emilia-Romagna	Europe		Encephalomyocarditis virus	12104	PARTIAL	831	2016-09-06	2022-11-21T00:00:00Z	Sus scrofa	9823
OL840493.1	Italy: Assisi, Perugia, Umbria	Europe		Encephalomyocarditis virus	12104	PARTIAL	831	2016-09-16	2022-11-21T00:00:00Z	Sus scrofa	9823
OL840492.1	Italy: Fontanella, Bergamo, Lombardy	Europe		Encephalomyocarditis virus	12104	PARTIAL	831	2016-09-21	2022-11-21T00:00:00Z	Sus scrofa	9823
OL840491.1	Italy: Orzinuovi, Brescia, Lombardy	Europe		Encephalomyocarditis virus	12104	PARTIAL	831	2016-10-25	2022-11-21T00:00:00Z	Sus scrofa	9823
OL840490.1	Italy: Torre Pallavicina, Bergamo, Lombardy	Europe		Encephalomyocarditis virus	12104	PARTIAL	831	2016-10-28	2022-11-21T00:00:00Z	Sus scrofa	9823
OL840489.1	Italy: Bagnolo in Piano, Reggio Emilia, Emilia-Romagna	Europe		Encephalomyocarditis virus	12104	PARTIAL	831	2016-11-15	2022-11-21T00:00:00Z	Sus scrofa	9823
OL840488.1	Italy: Soliera, Modena, Emilia-Romagna	Europe		Encephalomyocarditis virus	12104	PARTIAL	831	2016-11-18	2022-11-21T00:00:00Z	Sus scrofa	9823
OL840487.1	Italy: Brembio, Lodi, Lombardy	Europe		Encephalomyocarditis virus	12104	PARTIAL	831	2016-11-23	2022-11-21T00:00:00Z	Sus scrofa	9823
OL840486.1	Italy: Fornovo San Giovanni, Bergamo, Lombardy	Europe		Encephalomyocarditis virus	12104	PARTIAL	831	2016-11-28	2022-11-21T00:00:00Z	Sus scrofa	9823
OL840485.1	Italy: Isola Rizza, Verona, Veneto	Europe		Encephalomyocarditis virus	12104	PARTIAL	831	2016-12-02	2022-11-21T00:00:00Z	Sus scrofa	9823
OL840484.1	Italy: Russi, Ravenna, Emilia-Romagna	Europe		Encephalomyocarditis virus	12104	PARTIAL	831	2016-12-15	2022-11-21T00:00:00Z	Sus scrofa	9823
OL840483.1	Italy: Bagnolo In Piano, Reggio Emilia, Emilia-Romagna	Europe		Encephalomyocarditis virus	12104	PARTIAL	831	2018-01-15	2022-11-21T00:00:00Z	Sus scrofa	9823
OL840482.1	Italy: Bagnolo In Piano, Reggio Emilia, Emilia-Romagna	Europe		Encephalomyocarditis virus	12104	PARTIAL	831	2018-03-07	2022-11-21T00:00:00Z	Sus scrofa	9823
OL840481.1	Italy: Bagnolo in Piano, Reggio Emilia, Emilia-Romagna	Europe		Encephalomyocarditis virus	12104	PARTIAL	831	2019-01-21	2022-11-21T00:00:00Z	Sus scrofa	9823
OL840480.1	Italy: Cantalupo, Perugia, Umbria	Europe		Encephalomyocarditis virus	12104	PARTIAL	831	2019-05-27	2022-11-21T00:00:00Z	Sus scrofa	9823
OL840479.1	Italy: Bagnolo In Piano, Reggio Emilia, Emilia-Romagna	Europe		Encephalomyocarditis virus	12104	PARTIAL	831	2019-07-31	2022-11-21T00:00:00Z	Sus scrofa	9823
OL840478.1	Italy: Offlaga, Brescia, Lombardy	Europe		Encephalomyocarditis virus	12104	PARTIAL	831	2019-08-19	2022-11-21T00:00:00Z	Sus scrofa	9823
OL840477.1	Italy: Ghedi, Brescia, Lombardy	Europe		Encephalomyocarditis virus	12104	PARTIAL	831	2019-08-21	2022-11-21T00:00:00Z	Sus scrofa	9823
OL840476.1	Italy: Offlaga, Brescia, Lombardy	Europe		Encephalomyocarditis virus	12104	PARTIAL	831	2019-08-27	2022-11-21T00:00:00Z	Sus scrofa	9823
OL840475.1	Italy: San Paolo, Brescia, Lombardy	Europe		Encephalomyocarditis virus	12104	PARTIAL	831	2019-09-16	2022-11-21T00:00:00Z	Sus scrofa	9823
OG149362.1				Encephalomyocarditis virus	12104	PARTIAL	565		2021-01-29T00:00:00Z		
OF449081.1				Encephalomyocarditis virus	12104	PARTIAL	7715		2023-01-19T00:00:00Z		
OF368661.1				Encephalomyocarditis virus	12104	PARTIAL	123		2023-01-19T00:00:00Z		
OF368660.1				Encephalomyocarditis virus	12104	PARTIAL	574		2023-01-19T00:00:00Z		
OF266944.1				Encephalomyocarditis virus	12104	PARTIAL	583		2021-12-16T00:00:00Z		
OF129905.1				Encephalomyocarditis virus	12104	PARTIAL	583		2021-08-04T00:00:00Z		
OF065950.1				Encephalomyocarditis virus	12104	PARTIAL	519		2021-08-04T00:00:00Z		
OF027794.1				Encephalomyocarditis virus	12104	PARTIAL	576		2021-08-04T00:00:00Z		
OF027793.1				Encephalomyocarditis virus	12104	PARTIAL	576		2021-08-04T00:00:00Z		
OF017594.1				Encephalomyocarditis virus	12104	PARTIAL	123		2021-08-04T00:00:00Z		
OF017591.1				Encephalomyocarditis virus	12104	PARTIAL	574		2021-08-04T00:00:00Z		
NC_001479.1				Encephalomyocarditis virus	12104	COMPLETE	7835		1993-08-02T00:00:00Z		
MW046205.1				Encephalomyocarditis virus	12104	PARTIAL	246		2021-03-29T00:00:00Z		
MW046204.1				Encephalomyocarditis virus	12104	PARTIAL	246		2021-03-29T00:00:00Z		
MW046203.1				Encephalomyocarditis virus	12104	PARTIAL	246		2021-03-29T00:00:00Z		
MT499387.1	Singapore	Asia		Encephalomyocarditis virus	12104	COMPLETE	7629	2002	2020-08-03T00:00:00Z	Pongo pygmaeus	9600
MT250511.1	France	Europe		Encephalomyocarditis virus	12104	COMPLETE	7874	2014-02-02	2020-12-15T00:00:00Z	Rattus rattus	10117
MT250510.1	France	Europe		Encephalomyocarditis virus	12104	COMPLETE	7875	2014-02-01	2020-12-15T00:00:00Z	Rattus rattus	10117
MT250509.1	France	Europe		Encephalomyocarditis virus	12104	COMPLETE	7870	2013-12-31	2020-12-15T00:00:00Z	Rattus rattus	10117
MT250508.1	France	Europe		Encephalomyocarditis virus	12104	COMPLETE	7875	2013-11-21	2020-12-15T00:00:00Z	Loxodonta africana	9785
MS656420.1				Encephalomyocarditis virus	12104	PARTIAL	589		2017-07-12T00:00:00Z		
MS656419.1				Encephalomyocarditis virus	12104	PARTIAL	574		2017-07-12T00:00:00Z		
MQ051693.1				Encephalomyocarditis virus	12104	PARTIAL	32		2021-05-27T00:00:00Z		
MP924888.1				Encephalomyocarditis virus	12104	PARTIAL	551		2021-03-17T00:00:00Z		
MP863871.1				Encephalomyocarditis virus	12104	PARTIAL	519		2021-03-17T00:00:00Z		
MP590025.1				Encephalomyocarditis virus	12104	PARTIAL	570		2020-05-15T00:00:00Z		
MP006857.1				Encephalomyocarditis virus	12104	PARTIAL	551		2019-02-12T00:00:00Z		
MN547968.1	Singapore	Asia		Encephalomyocarditis virus	12104	COMPLETE	7706	2019-04-21	2019-12-08T00:00:00Z	Cuniculus	723807
MH191297.1	China	Asia		Encephalomyocarditis virus	12104	COMPLETE	7734	2016-06-06	2019-02-03T00:00:00Z	Sus scrofa	9823
MD243513.1				Encephalomyocarditis virus	12104	PARTIAL	570		2020-09-30T00:00:00Z		
MC430577.1				Encephalomyocarditis virus	12104	PARTIAL	583		2020-07-31T00:00:00Z		
MB031481.1				Encephalomyocarditis virus	12104	PARTIAL	588		2019-08-30T00:00:00Z		
MA895449.1				Encephalomyocarditis virus	12104	PARTIAL	550		2019-07-31T00:00:00Z		
MA648878.1				Encephalomyocarditis virus	12104	PARTIAL	583		2019-01-31T00:00:00Z		
MA388210.1				Encephalomyocarditis virus	12104	PARTIAL	746		2018-10-30T00:00:00Z		
MA388209.1				Encephalomyocarditis virus	12104	PARTIAL	576		2018-10-30T00:00:00Z		
MA161858.1				Encephalomyocarditis virus	12104	PARTIAL	583		2018-07-31T00:00:00Z		
M88547.1				Mengo virus	12107	PARTIAL	2792		1993-06-12T00:00:00Z		
M54935.1				Encephalomyocarditis virus	12104	PARTIAL	2988		1993-08-02T00:00:00Z		
M38329.1				Encephalomyocarditis virus	12104	PARTIAL	564		1993-08-02T00:00:00Z		
M37588.1				Encephalomyocarditis virus	12104	PARTIAL	7842		1993-08-02T00:00:00Z		
M24883.1				Encephalomyocarditis virus	12104	PARTIAL	129		1993-08-02T00:00:00Z		
M22458.1				Encephalomyocarditis virus	12104	COMPLETE	7829		1993-08-02T00:00:00Z		
M22457.1				Encephalomyocarditis virus	12104	COMPLETE	7825		1993-08-02T00:00:00Z		
M20167.1				Encephalomyocarditis virus	12104	PARTIAL	831		1993-08-04T00:00:00Z		
M16802.1				Encephalomyocarditis virus	12104	PARTIAL	103		1993-08-02T00:00:00Z		
LZ990873.1				Encephalomyocarditis virus	12104	PARTIAL	38		2018-03-30T00:00:00Z		
LZ990872.1				Encephalomyocarditis virus	12104	PARTIAL	586		2018-03-30T00:00:00Z		
LY988350.1				Encephalomyocarditis virus	12104	PARTIAL	583		2020-11-18T00:00:00Z		
LY978416.1				Encephalomyocarditis virus	12104	PARTIAL	568		2020-11-18T00:00:00Z		
LY916068.1				Encephalomyocarditis virus	12104	PARTIAL	583		2020-11-18T00:00:00Z		
LY915512.1				Encephalomyocarditis virus	12104	PARTIAL	570		2020-11-18T00:00:00Z		
LY824382.1				Encephalomyocarditis virus	12104	PARTIAL	583		2020-11-18T00:00:00Z		
LY795453.1				Encephalomyocarditis virus	12104	PARTIAL	583		2020-10-08T00:00:00Z		
LY745172.1				Encephalomyocarditis virus	12104	PARTIAL	570		2020-10-08T00:00:00Z		
LY715365.1				Encephalomyocarditis virus	12104	PARTIAL	123		2020-10-08T00:00:00Z		
LY715362.1				Encephalomyocarditis virus	12104	PARTIAL	574		2020-10-08T00:00:00Z		
LY657079.1				Encephalomyocarditis virus	12104	PARTIAL	123		2019-12-04T00:00:00Z		
LY657070.1				Encephalomyocarditis virus	12104	PARTIAL	574		2019-12-04T00:00:00Z		
LY628323.1				Encephalomyocarditis virus	12104	PARTIAL	565		2019-09-20T00:00:00Z		
LY614841.1				Encephalomyocarditis virus	12104	PARTIAL	38		2019-09-20T00:00:00Z		
LY614840.1				Encephalomyocarditis virus	12104	PARTIAL	586		2019-09-20T00:00:00Z		
LY538136.1				Encephalomyocarditis virus	12104	PARTIAL	38		2018-09-26T00:00:00Z		
LY538135.1				Encephalomyocarditis virus	12104	PARTIAL	586		2018-09-26T00:00:00Z		
LX296714.1				Encephalomyocarditis virus	12104	PARTIAL	599		2017-10-28T00:00:00Z		
LX275920.1				Encephalomyocarditis virus	12104	PARTIAL	550		2017-10-28T00:00:00Z		
LQ840034.1				Encephalomyocarditis virus	12104	PARTIAL	583		2018-08-19T00:00:00Z		
LQ773355.1				Encephalomyocarditis virus	12104	PARTIAL	619		2018-06-21T00:00:00Z		
LQ564360.1				Encephalomyocarditis virus	12104	PARTIAL	746		2016-10-06T00:00:00Z		
LQ564359.1				Encephalomyocarditis virus	12104	PARTIAL	576		2016-10-06T00:00:00Z		
LQ460618.1				Encephalomyocarditis virus	12104	PARTIAL	746		2016-10-06T00:00:00Z		
LQ460617.1				Encephalomyocarditis virus	12104	PARTIAL	576		2016-10-06T00:00:00Z		
LQ261751.1				Encephalomyocarditis virus	12104	PARTIAL	599		2016-10-05T00:00:00Z		
LQ260320.1				Encephalomyocarditis virus	12104	PARTIAL	593		2016-10-05T00:00:00Z		
LP754031.1				Encephalomyocarditis virus	12104	PARTIAL	38		2018-04-29T00:00:00Z		
LP754030.1				Encephalomyocarditis virus	12104	PARTIAL	586		2018-04-29T00:00:00Z		
LF848492.1				Encephalomyocarditis virus	12104	PARTIAL	544		2017-01-31T00:00:00Z		
LF655461.1				Encephalomyocarditis virus	12104	PARTIAL	593		2016-11-29T00:00:00Z		
LF152276.1				Encephalomyocarditis virus	12104	PARTIAL	599		2016-09-30T00:00:00Z		
LF139392.1				Encephalomyocarditis virus	12104	PARTIAL	599		2016-08-30T00:00:00Z		
LC585240.1	Zambia: Solwezi	Africa		Encephalomyocarditis virus	12104	PARTIAL	277	2013	2020-09-26T00:00:00Z	Mastomys natalensis	10112
LC585239.1	Zambia: Solwezi	Africa		Encephalomyocarditis virus	12104	PARTIAL	277	2013	2020-09-26T00:00:00Z	Mastomys natalensis	10112
LC585238.1	Zambia: Solwezi	Africa		Encephalomyocarditis virus	12104	PARTIAL	277	2013	2020-09-26T00:00:00Z	Mastomys natalensis	10112
LC585237.1	Zambia: Solwezi	Africa		Encephalomyocarditis virus	12104	PARTIAL	277	2013	2020-09-26T00:00:00Z	Mastomys natalensis	10112
LC585236.1	Zambia: Solwezi	Africa		Encephalomyocarditis virus	12104	PARTIAL	277	2013	2020-09-26T00:00:00Z	Mastomys natalensis	10112
LC585235.1	Zambia: Solwezi	Africa		Encephalomyocarditis virus	12104	PARTIAL	277	2013	2020-09-26T00:00:00Z	Mastomys natalensis	10112
LC585234.1	Zambia: Solwezi	Africa		Encephalomyocarditis virus	12104	PARTIAL	277	2013	2020-09-26T00:00:00Z	Mastomys natalensis	10112
LC585233.1	Zambia: Solwezi	Africa		Encephalomyocarditis virus	12104	PARTIAL	277	2013	2020-09-26T00:00:00Z	Mastomys natalensis	10112
LC585232.1	Zambia: Solwezi	Africa		Encephalomyocarditis virus	12104	PARTIAL	277	2013	2020-09-26T00:00:00Z	Mastomys natalensis	10112
LC585231.1	Zambia: Solwezi	Africa		Encephalomyocarditis virus	12104	PARTIAL	277	2013	2020-09-26T00:00:00Z	Mastomys natalensis	10112
LC585230.1	Zambia: Solwezi	Africa		Encephalomyocarditis virus	12104	PARTIAL	277	2013	2020-09-26T00:00:00Z	Mastomys natalensis	10112
LC585229.1	Zambia: Solwezi	Africa		Encephalomyocarditis virus	12104	PARTIAL	277	2013	2020-09-26T00:00:00Z	Mastomys natalensis	10112
LC585228.1	Zambia: Solwezi	Africa		Encephalomyocarditis virus	12104	PARTIAL	277	2013	2020-09-26T00:00:00Z	Mastomys natalensis	10112
LC585227.1	Zambia: Solwezi	Africa		Encephalomyocarditis virus	12104	PARTIAL	277	2013	2020-09-26T00:00:00Z	Mastomys natalensis	10112
LC585226.1	Zambia: Solwezi	Africa		Encephalomyocarditis virus	12104	PARTIAL	277	2013	2020-09-26T00:00:00Z	Mastomys natalensis	10112
LC585225.1	Zambia: Mpulungu	Africa		Encephalomyocarditis virus	12104	PARTIAL	277	2012	2020-09-26T00:00:00Z	Mastomys natalensis	10112
LC585224.1	Zambia: Mpulungu	Africa		Encephalomyocarditis virus	12104	PARTIAL	277	2012	2020-09-26T00:00:00Z	Mastomys natalensis	10112
LC585223.1	Zambia: Mpulungu	Africa		Encephalomyocarditis virus	12104	PARTIAL	277	2012	2020-09-26T00:00:00Z	Mastomys natalensis	10112
LC585222.1	Zambia: Mpulungu	Africa		Encephalomyocarditis virus	12104	PARTIAL	277	2012	2020-09-26T00:00:00Z	Mastomys natalensis	10112
LC585221.1	Zambia	Africa		Encephalomyocarditis virus	12104	PARTIAL	7650	2012	2020-09-26T00:00:00Z	Mastomys natalensis	10112
LC508268.1				Encephalomyocarditis virus	12104	COMPLETE	7263		2020-04-18T00:00:00Z		
L40427.1				Encephalomyocarditis virus	12104	PARTIAL	831		1995-03-07T00:00:00Z		
L22089.1				Mengo virus	12107	COMPLETE	7761		1993-08-04T00:00:00Z		
KY201174.1	Italy	Europe		Encephalomyocarditis virus	12104	PARTIAL	242	2012	2016-12-11T00:00:00Z	Macaca	9539
KY201173.1	Italy	Europe		Encephalomyocarditis virus	12104	PARTIAL	235	2012	2016-12-11T00:00:00Z	Hystricidae	10135
KX231802.1	Russia: Adler	Europe		Mengo virus	12107	COMPLETE	7714	2007	2017-06-01T00:00:00Z	Papio hamadryas	9557
KU955338.1	Central African Republic	Africa		Mengo virus	12107	COMPLETE	7548	1983	2016-08-08T00:00:00Z	Tatera	41262
KU664327.1	China	Asia		Encephalomyocarditis virus	12104	PARTIAL	6879	2015-03-01	2018-12-31T00:00:00Z	Canis lupus familiaris	9615
KT944134.1	Viet Nam	Asia		Encephalomyocarditis virus 83GR	1821752	PARTIAL	638	2012-10	2016-04-09T00:00:00Z	Rattus argentiventer	83752
KT944133.1	Viet Nam	Asia		Encephalomyocarditis virus 83GR	1821752	PARTIAL	822	2012-10	2016-04-09T00:00:00Z	Rattus argentiventer	83752
KT944132.1	Viet Nam	Asia		Encephalomyocarditis virus 83GR	1821752	PARTIAL	822	2012-10	2016-04-09T00:00:00Z	Bandicota indica	456472
KP892662.1	USA	North America		Encephalomyocarditis virus	12104	PARTIAL	7773	1942	2015-04-29T00:00:00Z		
KP109529.1	China	Asia		Encephalomyocarditis virus	12104	PARTIAL	201	2014-09-15	2014-12-28T00:00:00Z		
KM269482.1	USA: Dania, Florida	North America		Encephalomyocarditis virus	12104	COMPLETE	7875	1944	2014-10-15T00:00:00Z	Pan troglodytes	9598
KJ524643.1	China: Gansu	Asia		Encephalomyocarditis virus	12104	COMPLETE	7717	2013-04-15	2014-04-28T00:00:00Z	Sus scrofa	9823
KF836390.1	China	Asia		Encephalomyocarditis virus	12104	COMPLETE	7724	2013-08-28	2014-01-08T00:00:00Z	Sus scrofa	9823
KF836389.1	China	Asia		Encephalomyocarditis virus	12104	COMPLETE	7729	2013-04-05	2014-01-08T00:00:00Z	Sus scrofa	9823
KF836388.1	China	Asia		Encephalomyocarditis virus	12104	COMPLETE	7725	2012-05-28	2014-01-08T00:00:00Z	Mus musculus	10090
KF836387.1	China	Asia		Encephalomyocarditis virus	12104	COMPLETE	7735	2012-05-26	2014-01-08T00:00:00Z	Sus scrofa	9823
KF836386.1	China	Asia		Encephalomyocarditis virus	12104	COMPLETE	7735	2012-05-28	2014-01-08T00:00:00Z	Sus scrofa	9823
KF771002.1	China	Asia		Encephalomyocarditis virus	12104	COMPLETE	7725	2013-06-12	2014-01-08T00:00:00Z	Sus scrofa	9823
KF709977.1	China	Asia		Encephalomyocarditis virus	12104	COMPLETE	7741		2013-10-28T00:00:00Z		
KF598864.1	China	Asia		Encephalomyocarditis virus	12104	PARTIAL	6861	2012-10-09	2013-11-19T00:00:00Z	Sus scrofa	9823
KF598863.1	China	Asia		Encephalomyocarditis virus	12104	PARTIAL	6849	2012-10-09	2013-11-19T00:00:00Z	Sus scrofa	9823
KF598862.1	China	Asia		Encephalomyocarditis virus	12104	PARTIAL	6863	2012-10-09	2013-11-19T00:00:00Z	Sus scrofa	9823
KF598861.1	China	Asia		Encephalomyocarditis virus	12104	PARTIAL	6863	2012-10-09	2013-11-19T00:00:00Z	Sus scrofa	9823
KF598860.1	China	Asia		Encephalomyocarditis virus	12104	PARTIAL	6849	2012-10-09	2013-11-19T00:00:00Z	Sus scrofa	9823
KF293299.1	China	Asia		Encephalomyocarditis virus	12104	COMPLETE	7739	2013-01-09	2013-07-31T00:00:00Z	Panthera tigris amoyensis	253258
KC762214.1	China	Asia		Encephalomyocarditis virus	12104	PARTIAL	6879		2013-06-09T00:00:00Z	Sus scrofa	9823
KC757343.1	China	Asia		Encephalomyocarditis virus	12104	PARTIAL	727	2010	2013-05-08T00:00:00Z	Sus scrofa	9823
KC310738.1	Singapore	Asia		Encephalomyocarditis virus	12104	PARTIAL	7634	2002	2013-09-03T00:00:00Z	Pongo pygmaeus	9600
KC310737.1	Singapore	Asia		Encephalomyocarditis virus	12104	PARTIAL	7630	2002	2013-09-03T00:00:00Z	Pongo pygmaeus	9600
KC110084.1	China	Asia		Encephalomyocarditis virus	12104	PARTIAL	831	2012	2013-02-09T00:00:00Z	Mus musculus	10090
KC110083.1	China	Asia		Encephalomyocarditis virus	12104	PARTIAL	831	2012	2013-02-09T00:00:00Z	Sus scrofa	9823
KC110082.1	China	Asia		Encephalomyocarditis virus	12104	PARTIAL	831	2012	2013-02-09T00:00:00Z	Sus scrofa	9823
K01410.1				Encephalomyocarditis virus	12104	PARTIAL	149		1993-08-02T00:00:00Z		
K01355.1				Maus-Elberfeld virus	12468	PARTIAL	54		1993-08-02T00:00:00Z		
JX102658.1	South Africa	Africa		Encephalomyocarditis virus	12104	PARTIAL	246	1994	2013-01-28T00:00:00Z	Loxodonta africana	9785
JX102657.1	South Africa	Africa		Encephalomyocarditis virus	12104	PARTIAL	246	1994	2013-01-28T00:00:00Z	Loxodonta africana	9785
JX102656.1	South Africa	Africa		Encephalomyocarditis virus	12104	PARTIAL	246	1979	2013-01-28T00:00:00Z	Sus scrofa	9823
JQ864080.1	China	Asia		Encephalomyocarditis virus	12104	PARTIAL	6879	2010-11-11	2012-10-09T00:00:00Z	Sus scrofa	9823
JQ217417.1	Australia	Oceania		Encephalomyocarditis virus	12104	PARTIAL	358		2012-03-21T00:00:00Z	Sus scrofa	9823
JQ217416.1	Australia	Oceania		Encephalomyocarditis virus	12104	PARTIAL	374		2012-03-21T00:00:00Z	Sus scrofa	9823
JQ217415.1	Australia	Oceania		Encephalomyocarditis virus	12104	PARTIAL	380		2012-03-21T00:00:00Z	Bos taurus	9913
JN800423.1	South Africa	Africa		Encephalomyocarditis virus	12104	PARTIAL	3371	1994	2013-01-28T00:00:00Z	Loxodonta africana	9785
JN800422.1	South Africa	Africa		Encephalomyocarditis virus	12104	PARTIAL	3371	1994	2013-01-28T00:00:00Z	Loxodonta africana	9785
JN800421.1	South Africa	Africa		Encephalomyocarditis virus	12104	PARTIAL	3371	1979	2013-01-28T00:00:00Z	Sus scrofa	9823
JC303444.1				Encephalomyocarditis virus	12104	PARTIAL	397		2014-02-05T00:00:00Z		
JC303443.1				Encephalomyocarditis virus	12104	PARTIAL	397		2014-02-05T00:00:00Z		
JB995130.1				Encephalomyocarditis virus	12104	PARTIAL	583		2014-01-24T00:00:00Z		
JB759790.1				Encephalomyocarditis virus	12104	PARTIAL	38		2013-10-18T00:00:00Z		
JB759789.1				Encephalomyocarditis virus	12104	PARTIAL	586		2013-10-18T00:00:00Z		
JB751902.1				Encephalomyocarditis virus	12104	PARTIAL	583		2013-10-13T00:00:00Z		
JB151073.1				Encephalomyocarditis virus	12104	PARTIAL	599		2013-04-25T00:00:00Z		
JB051118.1				Encephalomyocarditis virus	12104	PARTIAL	619		2013-04-11T00:00:00Z		
JA283580.1				Encephalomyocarditis virus	12104	PARTIAL	577		2011-04-26T00:00:00Z		
JA283579.1				Encephalomyocarditis virus	12104	PARTIAL	585		2011-04-26T00:00:00Z		
JA283574.1				Encephalomyocarditis virus	12104	PARTIAL	552		2011-04-26T00:00:00Z		
JA012556.1				Encephalomyocarditis virus	12104	PARTIAL	581		2011-04-05T00:00:00Z		
JA012474.1				Encephalomyocarditis virus	12104	PARTIAL	581		2011-04-05T00:00:00Z		
J02083.1				Encephalomyocarditis virus	12104	PARTIAL	420		1993-08-02T00:00:00Z		
HW823803.1				Encephalomyocarditis virus	12104	PARTIAL	583		2015-05-27T00:00:00Z		
HW823786.1				Encephalomyocarditis virus	12104	PARTIAL	583		2015-05-27T00:00:00Z		
HW809060.1				Encephalomyocarditis virus	12104	PARTIAL	38		2015-04-23T00:00:00Z		
HW809059.1				Encephalomyocarditis virus	12104	PARTIAL	586		2015-04-23T00:00:00Z		
HW796862.1				Encephalomyocarditis virus	12104	PARTIAL	599		2015-03-24T00:00:00Z		
HW763583.1				Encephalomyocarditis virus	12104	PARTIAL	599		2015-02-24T00:00:00Z		
HW417434.1				Encephalomyocarditis virus	12104	PARTIAL	550		2014-04-22T00:00:00Z		
HW382570.1				Encephalomyocarditis virus	12104	PARTIAL	577		2014-02-26T00:00:00Z		
HW382569.1				Encephalomyocarditis virus	12104	PARTIAL	585		2014-02-26T00:00:00Z		
HW382564.1				Encephalomyocarditis virus	12104	PARTIAL	552		2014-02-26T00:00:00Z		
HW118108.1				Encephalomyocarditis virus	12104	PARTIAL	599		2013-06-25T00:00:00Z		
HV302727.1				Encephalomyocarditis virus	12104	PARTIAL	581		2011-07-15T00:00:00Z		
HM641897.1	China	Asia		Porcine encephalomyocarditis virus	69598	PARTIAL	7724	2008-06	2010-09-28T00:00:00Z	Sus scrofa	9823
HI650678.1				Encephalomyocarditis virus	12104	PARTIAL	581		2010-11-16T00:00:00Z		
GU181317.1	Democratic Republic of the Congo	Africa		Encephalomyocarditis virus	12104	PARTIAL	273	2003	2009-12-06T00:00:00Z	Pan paniscus	9597
GN372705.1				Encephalomyocarditis virus	12104	PARTIAL	619		2009-05-15T00:00:00Z		
GN354443.1				Mengo virus	12107	PARTIAL	60		2009-05-12T00:00:00Z		
GN354442.1				Mengo virus	12107	PARTIAL	60		2009-05-12T00:00:00Z		
GN354441.1				Mengo virus	12107	PARTIAL	60		2009-05-12T00:00:00Z		
GN354440.1				Mengo virus	12107	PARTIAL	60		2009-05-12T00:00:00Z		
GN354439.1				Mengo virus	12107	PARTIAL	60		2009-05-12T00:00:00Z		
GN354438.1				Mengo virus	12107	PARTIAL	60		2009-05-12T00:00:00Z		
GN354437.1				Mengo virus	12107	PARTIAL	60		2009-05-12T00:00:00Z		
GN354436.1				Mengo virus	12107	PARTIAL	60		2009-05-12T00:00:00Z		
GN354435.1				Mengo virus	12107	PARTIAL	60		2009-05-12T00:00:00Z		
GN354434.1				Mengo virus	12107	PARTIAL	60		2009-05-12T00:00:00Z		
GN351301.1				Encephalomyocarditis virus	12104	PARTIAL	60		2009-05-12T00:00:00Z		
GN351300.1				Encephalomyocarditis virus	12104	PARTIAL	60		2009-05-12T00:00:00Z		
GN351299.1				Encephalomyocarditis virus	12104	PARTIAL	60		2009-05-12T00:00:00Z		
GN351298.1				Encephalomyocarditis virus	12104	PARTIAL	60		2009-05-12T00:00:00Z		
GN351297.1				Encephalomyocarditis virus	12104	PARTIAL	60		2009-05-12T00:00:00Z		
GN351296.1				Encephalomyocarditis virus	12104	PARTIAL	60		2009-05-12T00:00:00Z		
GN351295.1				Encephalomyocarditis virus	12104	PARTIAL	60		2009-05-12T00:00:00Z		
GN351294.1				Encephalomyocarditis virus	12104	PARTIAL	60		2009-05-12T00:00:00Z		
GN351293.1				Encephalomyocarditis virus	12104	PARTIAL	60		2009-05-12T00:00:00Z		
GN351292.1				Encephalomyocarditis virus	12104	PARTIAL	60		2009-05-12T00:00:00Z		
GM036220.1				Encephalomyocarditis virus	12104	PARTIAL	590		2008-12-14T00:00:00Z		
GM036218.1				Encephalomyocarditis virus	12104	PARTIAL	604		2008-12-14T00:00:00Z		
FW343410.1				Encephalomyocarditis virus	12104	PARTIAL	503		2010-07-26T00:00:00Z		
FW340743.1				Encephalomyocarditis virus	12104	PARTIAL	577		2010-06-17T00:00:00Z		
FW340742.1				Encephalomyocarditis virus	12104	PARTIAL	585		2010-06-17T00:00:00Z		
FW340737.1				Encephalomyocarditis virus	12104	PARTIAL	552		2010-06-17T00:00:00Z		
FJ897755.1	China: Guangxi	Asia		Encephalomyocarditis virus	12104	COMPLETE	7725	2008-05	2009-05-16T00:00:00Z	Sus scrofa	9823
FJ604853.1	China	Asia		Encephalomyocarditis virus	12104	PARTIAL	7725		2009-02-03T00:00:00Z		
FJ604852.1	China	Asia		Encephalomyocarditis virus	12104	PARTIAL	7729		2009-02-03T00:00:00Z		
FB763120.1				Encephalomyocarditis virus	12104	PARTIAL	577		2008-12-18T00:00:00Z		
FB763119.1				Encephalomyocarditis virus	12104	PARTIAL	585		2008-12-18T00:00:00Z		
FB763114.1				Encephalomyocarditis virus	12104	PARTIAL	552		2008-12-18T00:00:00Z		
FB748372.1				Encephalomyocarditis virus	12104	PARTIAL	577		2008-12-01T00:00:00Z		
FB748371.1				Encephalomyocarditis virus	12104	PARTIAL	585		2008-12-01T00:00:00Z		
FB748366.1				Encephalomyocarditis virus	12104	PARTIAL	552		2008-12-01T00:00:00Z		
FB660910.1				Encephalomyocarditis virus	12104	PARTIAL	20		2008-11-08T00:00:00Z		
FB660909.1				Encephalomyocarditis virus	12104	PARTIAL	20		2008-11-08T00:00:00Z		
FB660908.1				Encephalomyocarditis virus	12104	PARTIAL	20		2008-11-08T00:00:00Z		
FB660907.1				Encephalomyocarditis virus	12104	PARTIAL	548		2008-11-08T00:00:00Z		
EU979548.1	Peru	South America		Encephalomyocarditis virus	12104	PARTIAL	738	2004	2009-03-31T00:00:00Z	Homo sapiens	9606
EU979547.1	Peru	South America		Encephalomyocarditis virus	12104	PARTIAL	145	2004	2009-03-31T00:00:00Z	Homo sapiens	9606
EU979546.1	Peru	South America		Encephalomyocarditis virus	12104	PARTIAL	219	2004	2009-03-31T00:00:00Z	Homo sapiens	9606
EU979545.1	Peru	South America		Encephalomyocarditis virus	12104	PARTIAL	736	2004	2009-03-31T00:00:00Z	Homo sapiens	9606
EU979544.1	Peru	South America		Encephalomyocarditis virus	12104	PARTIAL	142	2004	2009-03-31T00:00:00Z	Homo sapiens	9606
EU979543.1	Peru	South America		Encephalomyocarditis virus	12104	PARTIAL	231	2004	2009-03-31T00:00:00Z	Homo sapiens	9606
EU780149.1	South Korea	Asia		Encephalomyocarditis virus	12104	COMPLETE	7744	1990	2009-03-24T00:00:00Z	Sus scrofa	9823
EU780148.1	South Korea	Asia		Encephalomyocarditis virus	12104	COMPLETE	7731	1990	2009-03-24T00:00:00Z	Sus scrofa	9823
EU371993.1	China	Asia		Encephalomyocarditis virus	12104	PARTIAL	978		2008-01-21T00:00:00Z	Sus scrofa	9823
DQ835185.2	Belgium	Europe		Encephalomyocarditis virus	12104	PARTIAL	7340		2007-11-30T00:00:00Z	Rattus norvegicus	10116
DQ835184.1				Porcine encephalomyocarditis virus	69598	PARTIAL	2502		2007-11-30T00:00:00Z	Sus scrofa	9823
DQ517424.1				Porcine encephalomyocarditis virus	69598	PARTIAL	7713		2006-06-19T00:00:00Z		
DQ464063.1	China	Asia		Encephalomyocarditis virus	12104	COMPLETE	7735		2006-04-23T00:00:00Z		
DQ464062.1	China	Asia		Encephalomyocarditis virus	12104	COMPLETE	7746		2006-04-23T00:00:00Z		
DQ294633.1	USA	North America		Mengo virus	12107	COMPLETE	7765		2005-12-07T00:00:00Z	Mus	10088
DQ288856.1	USA	North America		Encephalomyocarditis virus	12104	COMPLETE	7722		2005-12-14T00:00:00Z	Mus	10088
DM374061.1				Encephalomyocarditis virus	12104	PARTIAL	619		2009-10-15T00:00:00Z		
DL242832.1				Encephalomyocarditis virus	12104	PARTIAL	576		2008-12-03T00:00:00Z		
DL233370.1				Encephalomyocarditis virus	12104	PARTIAL	884		2008-11-20T00:00:00Z		
DI448713.1				Encephalomyocarditis virus	12104	PARTIAL	583		2015-08-20T00:00:00Z		
DI448546.1				Encephalomyocarditis virus	12104	PARTIAL	583		2015-08-20T00:00:00Z		
DI443807.1				Encephalomyocarditis virus	12104	PARTIAL	38		2015-08-20T00:00:00Z		
DI443806.1				Encephalomyocarditis virus	12104	PARTIAL	586		2015-08-20T00:00:00Z		
DI198471.1				Encephalomyocarditis virus	12104	PARTIAL	595		2013-10-23T00:00:00Z		
DI098037.1				Encephalomyocarditis virus	12104	PARTIAL	592		2008-02-21T00:00:00Z		
DI079517.1				Encephalomyocarditis virus	12104	PARTIAL	593		2008-02-21T00:00:00Z		
DI021479.1				Encephalomyocarditis virus	12104	PARTIAL	593		2008-02-21T00:00:00Z		
DD460797.1				Encephalomyocarditis virus	12104	PARTIAL	374		2007-08-21T00:00:00Z		
DD359487.1				Encephalomyocarditis virus	12104	PARTIAL	619		2006-11-17T00:00:00Z		
DD272631.1				Encephalomyocarditis virus	12104	PARTIAL	600		2006-06-16T00:00:00Z		
DD223039.1				Encephalomyocarditis virus	12104	PARTIAL	586		2006-03-18T00:00:00Z		
DD176091.1				Encephalomyocarditis virus	12104	PARTIAL	581		2005-12-19T00:00:00Z		
DD133614.1				Encephalomyocarditis virus	12104	PARTIAL	884		2005-11-04T00:00:00Z		
DD098112.1				Encephalomyocarditis virus	12104	PARTIAL	576		2005-11-04T00:00:00Z		
CS379031.1				Encephalomyocarditis virus	12104	PARTIAL	586		2006-09-07T00:00:00Z		
CS260260.1				Encephalomyocarditis virus	12104	PARTIAL	619		2006-02-21T00:00:00Z		
CS258297.1				Encephalomyocarditis virus	12104	PARTIAL	619		2006-02-10T00:00:00Z		
CS052228.1				Encephalomyocarditis virus	12104	PARTIAL	581		2005-03-23T00:00:00Z		
CS052227.1				Encephalomyocarditis virus	12104	PARTIAL	581		2005-03-23T00:00:00Z		
CS052226.1				Encephalomyocarditis virus	12104	PARTIAL	581		2005-03-23T00:00:00Z		
CS052225.1				Encephalomyocarditis virus	12104	PARTIAL	581		2005-03-23T00:00:00Z		
CQ775039.1				Encephalomyocarditis virus	12104	PARTIAL	2537		2004-03-06T00:00:00Z		
BD419286.1				Encephalomyocarditis virus	12104	PARTIAL	581		2005-11-04T00:00:00Z		
BD312795.1				ECM virus	159464	PARTIAL	585		2005-11-04T00:00:00Z		
AY296731.1				Encephalomyocarditis virus	12104	PARTIAL	7678		2003-06-10T00:00:00Z		
AY162280.1				Encephalomyocarditis virus	12104	PARTIAL	806		2003-05-01T00:00:00Z		
AY162279.1				Encephalomyocarditis virus	12104	PARTIAL	190		2003-05-01T00:00:00Z		
AX786477.1				Encephalomyocarditis virus	12104	PARTIAL	884		2003-07-17T00:00:00Z		
AX683795.1				Encephalomyocarditis virus	12104	PARTIAL	576		2003-03-29T00:00:00Z		
AX299041.1				Encephalomyocarditis virus	12104	PARTIAL	581		2001-11-26T00:00:00Z		
AX137074.1				ECM virus	159464	PARTIAL	585		2001-05-30T00:00:00Z		
AX114848.1				ECM virus	159464	PARTIAL	585		2001-05-10T00:00:00Z		
AX113069.1				Encephalomyocarditis virus	12104	PARTIAL	23		2001-05-01T00:00:00Z		
AX113068.1				Encephalomyocarditis virus	12104	PARTIAL	11		2001-05-01T00:00:00Z		
AX113067.1				Encephalomyocarditis virus	12104	PARTIAL	25		2001-05-01T00:00:00Z		
AX113066.1				Encephalomyocarditis virus	12104	PARTIAL	566		2001-05-01T00:00:00Z		
AJ617375.1	Greece	Europe		Encephalomyocarditis virus	12104	PARTIAL	123		2004-04-08T00:00:00Z	Sus scrofa	9823
AJ617374.1	Belgium	Europe		Encephalomyocarditis virus	12104	PARTIAL	123		2004-04-08T00:00:00Z	Sus scrofa	9823
AJ617373.1	Belgium	Europe		Encephalomyocarditis virus	12104	PARTIAL	123		2004-04-08T00:00:00Z	Sus scrofa	9823
AJ617372.1	Cyprus	Asia		Encephalomyocarditis virus	12104	PARTIAL	123		2004-04-08T00:00:00Z	Sus scrofa	9823
AJ617371.1	Italy	Europe		Encephalomyocarditis virus	12104	PARTIAL	123		2004-04-08T00:00:00Z	Sus scrofa	9823
AJ617370.1	Italy	Europe		Encephalomyocarditis virus	12104	PARTIAL	123		2004-04-08T00:00:00Z	Sus scrofa	9823
AJ617369.1	Greece	Europe		Encephalomyocarditis virus	12104	PARTIAL	360		2004-04-08T00:00:00Z	Sus scrofa	9823
AJ617368.1	Belgium	Europe		Encephalomyocarditis virus	12104	PARTIAL	360		2004-04-08T00:00:00Z	Sus scrofa	9823
AJ617367.1	Belgium	Europe		Encephalomyocarditis virus	12104	PARTIAL	360		2004-04-08T00:00:00Z	Sus scrofa	9823
AJ617366.1	Cyprus	Asia		Encephalomyocarditis virus	12104	PARTIAL	360		2004-04-08T00:00:00Z	Sus scrofa	9823
AJ617365.1	Italy	Europe		Encephalomyocarditis virus	12104	PARTIAL	360		2004-04-08T00:00:00Z	Sus scrofa	9823
AJ617364.1	Italy	Europe		Encephalomyocarditis virus	12104	PARTIAL	360		2004-04-08T00:00:00Z	Sus scrofa	9823
AJ617363.1	USA:Florida	North America		Encephalomyocarditis virus	12104	PARTIAL	360		2004-04-08T00:00:00Z	Pan troglodytes	9598
AJ617362.1	Greece	Europe		Encephalomyocarditis virus	12104	PARTIAL	2703		2004-04-08T00:00:00Z	Sus scrofa	9823
AJ617361.1	Belgium	Europe		Encephalomyocarditis virus	12104	PARTIAL	2703		2004-04-08T00:00:00Z	Sus scrofa	9823
AJ617360.1	Belgium	Europe		Encephalomyocarditis virus	12104	PARTIAL	2703		2004-04-08T00:00:00Z	Sus scrofa	9823
AJ617359.1	Cyprus	Asia		Encephalomyocarditis virus	12104	PARTIAL	2703		2004-04-08T00:00:00Z	Sus scrofa	9823
AJ617358.1	Italy	Europe		Encephalomyocarditis virus	12104	PARTIAL	2703		2004-04-08T00:00:00Z	Sus scrofa	9823
AJ617357.1	Italy	Europe		Encephalomyocarditis virus	12104	PARTIAL	2703		2004-04-08T00:00:00Z	Sus scrofa	9823
AJ617356.1	USA:Florida	North America		Encephalomyocarditis virus	12104	PARTIAL	2703		2004-04-08T00:00:00Z	Pan troglodytes	9598
AJ235734.1				Encephalomyocarditis virus	12104	PARTIAL	246		1998-12-31T00:00:00Z		
AJ235733.1				Encephalomyocarditis virus	12104	PARTIAL	246		1998-12-31T00:00:00Z		
AJ235732.1				Encephalomyocarditis virus	12104	PARTIAL	246		1998-12-31T00:00:00Z		
AJ235731.1				Encephalomyocarditis virus	12104	PARTIAL	246		1998-12-31T00:00:00Z		
AJ235730.1				Encephalomyocarditis virus	12104	PARTIAL	246		1998-12-31T00:00:00Z		
AJ235729.1				Encephalomyocarditis virus	12104	PARTIAL	246		1998-12-31T00:00:00Z		
AJ235728.1				Encephalomyocarditis virus	12104	PARTIAL	246		1998-12-31T00:00:00Z		
AJ235727.1				Encephalomyocarditis virus	12104	PARTIAL	246		1998-12-31T00:00:00Z		
AJ235726.1				Encephalomyocarditis virus	12104	PARTIAL	246		1998-12-31T00:00:00Z		
AJ235725.1				Encephalomyocarditis virus	12104	PARTIAL	246		1998-12-31T00:00:00Z		
AJ235724.1				Encephalomyocarditis virus	12104	PARTIAL	246		1998-12-31T00:00:00Z		
AJ235723.1				Encephalomyocarditis virus	12104	PARTIAL	246		1998-12-31T00:00:00Z		
AJ235722.1				Encephalomyocarditis virus	12104	PARTIAL	246		1998-12-31T00:00:00Z		
AJ235721.1				Encephalomyocarditis virus	12104	PARTIAL	246		1998-12-31T00:00:00Z		
AJ235720.1				Encephalomyocarditis virus	12104	PARTIAL	246		1998-12-31T00:00:00Z		
AJ235719.1				Encephalomyocarditis virus	12104	PARTIAL	246		1998-12-31T00:00:00Z		
AJ235718.1				Encephalomyocarditis virus	12104	PARTIAL	246		1998-12-31T00:00:00Z		
AJ235717.1				Encephalomyocarditis virus	12104	PARTIAL	246		1998-12-31T00:00:00Z		
AJ235716.1				Encephalomyocarditis virus	12104	PARTIAL	246		1998-12-31T00:00:00Z		
AJ235715.1				Encephalomyocarditis virus	12104	PARTIAL	246		1998-12-31T00:00:00Z		
AJ235714.1				Encephalomyocarditis virus	12104	PARTIAL	246		1998-12-31T00:00:00Z		
AJ235713.1				Encephalomyocarditis virus	12104	PARTIAL	246		1998-12-31T00:00:00Z		
AJ235712.1				Encephalomyocarditis virus	12104	PARTIAL	246		1998-12-31T00:00:00Z		
AJ235711.1				Encephalomyocarditis virus	12104	PARTIAL	246		1998-12-31T00:00:00Z		
AJ235710.1				Encephalomyocarditis virus	12104	PARTIAL	246		1998-12-31T00:00:00Z		
AJ235709.1				Encephalomyocarditis virus	12104	PARTIAL	246		1998-12-31T00:00:00Z		
AJ235708.1				Encephalomyocarditis virus	12104	PARTIAL	246		1998-12-31T00:00:00Z		
AJ235707.1				Encephalomyocarditis virus	12104	PARTIAL	246		1998-12-31T00:00:00Z		
AJ235706.1				Encephalomyocarditis virus	12104	PARTIAL	246		1998-12-31T00:00:00Z		
AJ235705.1				Encephalomyocarditis virus	12104	PARTIAL	246		1998-12-31T00:00:00Z		
AJ235704.1				Encephalomyocarditis virus	12104	PARTIAL	246		1998-12-31T00:00:00Z		
AJ235703.1				Encephalomyocarditis virus	12104	PARTIAL	246		1998-12-31T00:00:00Z		
AJ235702.1				Encephalomyocarditis virus	12104	PARTIAL	246		1998-12-31T00:00:00Z		
AJ235701.1				Encephalomyocarditis virus	12104	PARTIAL	246		1998-12-31T00:00:00Z		
AJ235700.1				Encephalomyocarditis virus	12104	PARTIAL	246		1998-12-31T00:00:00Z		
AJ235699.1				Encephalomyocarditis virus	12104	PARTIAL	246		1998-12-31T00:00:00Z		
AJ235698.1				Encephalomyocarditis virus	12104	PARTIAL	246		1998-12-31T00:00:00Z		
AJ235697.1				Encephalomyocarditis virus	12104	PARTIAL	225		1998-12-31T00:00:00Z	Rattus norvegicus	10116
AJ235696.1				Encephalomyocarditis virus	12104	PARTIAL	224		1998-12-31T00:00:00Z	Sus scrofa	9823
AJ235695.1				Encephalomyocarditis virus	12104	PARTIAL	243		1998-12-31T00:00:00Z	Sus scrofa	9823
AJ235694.1				Encephalomyocarditis virus	12104	PARTIAL	247		1998-12-31T00:00:00Z	Sus scrofa	9823
AJ235693.1				Encephalomyocarditis virus	12104	PARTIAL	243		1998-12-31T00:00:00Z	Sus scrofa	9823
AJ235692.1				Encephalomyocarditis virus	12104	PARTIAL	243		1998-12-31T00:00:00Z	Sus scrofa	9823
AJ235691.1				Encephalomyocarditis virus	12104	PARTIAL	249		1998-12-31T00:00:00Z	Sus scrofa	9823
AJ235690.1				Encephalomyocarditis virus	12104	PARTIAL	241		1998-12-31T00:00:00Z	Sus scrofa	9823
AJ235689.1				Encephalomyocarditis virus	12104	PARTIAL	249		1998-12-31T00:00:00Z	Sus scrofa	9823
AJ235688.1				Encephalomyocarditis virus	12104	PARTIAL	220		1998-12-31T00:00:00Z	Sus scrofa	9823
AJ235687.1				Encephalomyocarditis virus	12104	PARTIAL	208		1998-12-31T00:00:00Z	Sus scrofa	9823
AJ235686.1				Encephalomyocarditis virus	12104	PARTIAL	249		1998-12-31T00:00:00Z	Sus scrofa	9823
AJ235685.1				Encephalomyocarditis virus	12104	PARTIAL	245		1998-12-31T00:00:00Z	Pan troglodytes	9598
AJ235684.1				Encephalomyocarditis virus	12104	PARTIAL	236		1998-12-31T00:00:00Z	Sus scrofa	9823
AJ235683.1				Encephalomyocarditis virus	12104	PARTIAL	218		1998-12-31T00:00:00Z	Sus scrofa	9823
AJ235682.1				Encephalomyocarditis virus	12104	PARTIAL	213		1998-12-31T00:00:00Z	Sus scrofa	9823
AJ235681.1				Encephalomyocarditis virus	12104	PARTIAL	214		1998-12-31T00:00:00Z	Sus scrofa	9823
AJ235680.1				Encephalomyocarditis virus	12104	PARTIAL	223		1998-12-31T00:00:00Z	Sus scrofa	9823
AJ131435.1				Porcine encephalomyocarditis virus	69598	PARTIAL	225		1998-12-11T00:00:00Z		
AJ131434.1				Porcine encephalomyocarditis virus	69598	PARTIAL	251		1998-12-11T00:00:00Z		
AJ006864.1				Encephalomyocarditis virus	12104	PARTIAL	214		1998-06-22T00:00:00Z	Sus scrofa	9823
AJ006863.1				Encephalomyocarditis virus	12104	PARTIAL	321		1998-06-22T00:00:00Z	Tamiasciurus hudsonicus	10009
AJ006862.1				Encephalomyocarditis virus	12104	PARTIAL	277		1998-06-22T00:00:00Z	Gliridae	30650
AJ006861.1				Encephalomyocarditis virus	12104	PARTIAL	212		1998-06-22T00:00:00Z	Glis glis	41261
AJ006860.1				Encephalomyocarditis virus	12104	PARTIAL	284		1998-06-22T00:00:00Z	Sus scrofa	9823
AJ006859.1				Encephalomyocarditis virus	12104	PARTIAL	252		1998-06-22T00:00:00Z	Sus scrofa	9823
AJ006858.1				Encephalomyocarditis virus	12104	PARTIAL	279		1998-06-22T00:00:00Z	Sus scrofa	9823
AJ006857.1				Encephalomyocarditis virus	12104	PARTIAL	203		1998-06-22T00:00:00Z	Sus scrofa	9823
AJ006856.1				Encephalomyocarditis virus	12104	PARTIAL	282		1998-06-22T00:00:00Z	Sus scrofa	9823
AF525466.1	Singapore	Asia		Encephalomyocarditis virus	12104	PARTIAL	759		2003-01-02T00:00:00Z		
AF510055.1				Encephalomyocarditis virus	12104	PARTIAL	234		2003-07-15T00:00:00Z	Pongo pygmaeus	9600
AF356822.1				Encephalomyocarditis virus	12104	COMPLETE	7730		2002-03-01T00:00:00Z		
